{
  "12121212121_1_PLANT CITY PRODUCE INC,": "approve",
  "1_1_PEDDLERS SON": "approve",
  "1_1_PENNROSE FARMS": "approve",
  "1_1_PLANT CITY PRODUCE INC,": "approve",
  "1_2_PENNROSE FARMS": "approve",
  "123456test_1_Renaissance Food Group, LLC 9(GHSE LLC )": "approve",
  "123456test_2_Renaissance Food Group, LLC 9(GHSE LLC )": "approve",
  "123455646545_1_RALEY'S SUPERMARKETS": "approve",
  "123455646545_2_RALEY'S SUPERMARKETS": "approve",
  "21313213132_1_PURE FRESH": "approve",
  "21313213132_2_PURE FRESH": "approve",
  "156465465465465_1_PENNROSE FARMS": "approve",
  "156465465465465_2_PENNROSE FARMS": "approve",
  "146546546546546546546465465_1_PLANT CITY PRODUCE INC,": "approve",
  "146546546546546546546465465_2_PLANT CITY PRODUCE INC,": "approve",
  "65464956465_1_RAM TRANSPORTATION SERVICES, INC.": "approve",
  "65464956465_2_RAM TRANSPORTATION SERVICES, INC.": "approve",
  "1wqeqwewqe_1_PENNROSE FARMS": "approve",
  "1wqeqwewqe_2_PENNROSE FARMS": "approve",
  "aaswasasasas_1_PIGGLY WIGGLY SHEBOYGAN": "approve",
  "aaswasasasas_2_PIGGLY WIGGLY SHEBOYGAN": "approve",
  "156465465446_1_PEDDLERS SON": "approve",
  "156465465446_2_PEDDLERS SON": "approve",
  "5466546465_1_PENNROSE FARMS": "approve",
  "5466546465_2_PENNROSE FARMS": "approve",
  "45465465465_1_PENNROSE FARMS": "approve",
  "45465465465_2_PENNROSE FARMS": "cut",
  "54654646546446464_1_PLANT CITY PRODUCE BILLING": "approve",
  "54654646546446464_2_PLANT CITY PRODUCE BILLING": "approve",
  "a5s64d65as6d54asd_1_PIGGLY WIGGLY SHEBOYGAN": "approve",
  "a5s64d65as6d54asd_2_PIGGLY WIGGLY SHEBOYGAN": "approve",
  "54665465465_1_PIGGLY WIGGLY SHEBOYGAN": "reject",
  "54665465465_2_PIGGLY WIGGLY SHEBOYGAN": "reject",
  "465464_1_PLANT CITY PRODUCE BILLING": "approve",
  "465464_2_PLANT CITY PRODUCE BILLING": "approve",
  "564a65d4s6d4s65d_1_PEDDLERS SON": "reject",
  "564a65d4s6d4s65d_2_PEDDLERS SON": "reject",
  "21321321113_1_PLANT CITY PRODUCE INC,": "reject",
  "21321321113_2_PLANT CITY PRODUCE INC,": "reject",
  "54654q4we65w_1_PLANT CITY PRODUCE INC,": "reject",
  "54654q4we65w_2_PLANT CITY PRODUCE INC,": "approve",
  "sadasdsad_1_RAM PRODUCE DISTRIBUTORS": "reject",
  "sadasdsad_2_RAM PRODUCE DISTRIBUTORS": "cut",
  "65465465_1_RAM PRODUCE DISTRIBUTORS BILLING": "reject",
  "65465465_2_RAM PRODUCE DISTRIBUTORS BILLING": "reject",
  "46554654654sa6d465asd_1_PENNROSE FARMS": "reject",
  "46554654654sa6d465asd_2_PENNROSE FARMS": "reject",
  "879798_1_PIGGLY WIGGLY SHEBOYGAN": "reject",
  "879798_2_PIGGLY WIGGLY SHEBOYGAN": "reject",
  "98798798_1_PIGGLY WIGGLY SHEBOYGAN": "reject",
  "98798798_2_PIGGLY WIGGLY SHEBOYGAN": "reject",
  "564646_1_SOBEYS DEBERT": "approve",
  "56465465465sw4d65a_1_Affiliated Foods": "approve",
  "54696545_1_COSTCO MONCTON": "approve",
  "546_2_PENNROSE FARMS": "approve",
  "546_3_PENNROSE FARMS": "approve",
  "4654654_1_COSTCO COLLEGE PARK": "cut",
  "12345_1_PLANT CITY PRODUCE INC,": "approve",
  "6456456_1_PENNROSE FARMS": "reject",
  "15454_1_PIGGLY WIGGLY SHEBOYGAN": "approve"
}