[
  {
    "name": "4 EARTH FARMS"
  },
  {
    "name": "4-M FRUIT DISTRIBUTORS, INC BOSTON MARKE"
  },
  {
    "name": "572 - VAUGHAN DEPOT"
  },
  {
    "name": "99\u00a2 ONLY STORES"
  },
  {
    "name": "A & A Organic Farms"
  },
  {
    "name": "A. M. S."
  },
  {
    "name": "A. ONE A. PRODUCE"
  },
  {
    "name": "ABLE FREIGHT"
  },
  {
    "name": "ABLE TRANSPORTE DE CARGA S. DE R.L DE C."
  },
  {
    "name": "ACL - American Consolidation & Logistics"
  },
  {
    "name": "Affiliated Foods"
  },
  {
    "name": "Affiliated Foods BILLING"
  },
  {
    "name": "AGRISOL DISTRIBUTION"
  },
  {
    "name": "AGRO MERCHANTS GROUP"
  },
  {
    "name": "AGROFRESH INTERNATIONAL"
  },
  {
    "name": "AJ Trucco, Inc."
  },
  {
    "name": "ALAMIN BROTHERS"
  },
  {
    "name": "ALBERT'S ORGANICS"
  },
  {
    "name": "ALBERTS ORGANICS"
  },
  {
    "name": "ALBERTS ORGANICS DENVER"
  },
  {
    "name": "ALBERTS ORGANICS EAST"
  },
  {
    "name": "ALBERTS ORGANICS NEW ENGLAND"
  },
  {
    "name": "ALBERTS ORGANICS PRESCOTT"
  },
  {
    "name": "ALBERTS ORGANICS RIVERSIDE"
  },
  {
    "name": "ALBERTS ORGANICS SOUTH"
  },
  {
    "name": "ALBERTS ORGANICS SOUTHEAST"
  },
  {
    "name": "ALBERTS SOUTH EAST"
  },
  {
    "name": "ALBERTS TWIN CITIES"
  },
  {
    "name": "ALBERTSONS - ACME"
  },
  {
    "name": "ALBERTSONS / SAFEWAY  SALT LAKE CITY"
  },
  {
    "name": "ALBERTSONS BREA PRODUCE"
  },
  {
    "name": "ALBERTSONS LLC TOLLESON PRODUCE"
  },
  {
    "name": "ALBERTSONS PBS"
  },
  {
    "name": "ALBRECHT GROCERY"
  },
  {
    "name": "ALDAY'S PRODUCE"
  },
  {
    "name": "ALDI  CENTER VALLEY"
  },
  {
    "name": "ALDI BATAVIA"
  },
  {
    "name": "ALDI DENTON"
  },
  {
    "name": "ALDI DWIGHT DIVISION"
  },
  {
    "name": "ALDI FARIBAULT"
  },
  {
    "name": "ALDI FREDERICK"
  },
  {
    "name": "ALDI GREENWOOD DIVISION"
  },
  {
    "name": "ALDI HAINES CITY"
  },
  {
    "name": "ALDI HINCKLEY"
  },
  {
    "name": "ALDI JEFFERSON"
  },
  {
    "name": "ALDI LOXLEY"
  },
  {
    "name": "ALDI MIDDLETON"
  },
  {
    "name": "ALDI MORENO VALLEY"
  },
  {
    "name": "ALDI MT. JULIET"
  },
  {
    "name": "ALDI NESTON"
  },
  {
    "name": "ALDI O'FALLON"
  },
  {
    "name": "ALDI OAK CREEK DIVISION"
  },
  {
    "name": "ALDI OLATHE"
  },
  {
    "name": "ALDI PETERSBURG"
  },
  {
    "name": "ALDI ROSENBERG"
  },
  {
    "name": "ALDI ROYAL PALM BEACH"
  },
  {
    "name": "ALDI SALISBURY"
  },
  {
    "name": "ALDI SAXONBURG"
  },
  {
    "name": "ALDI SOUTH WINDSOR"
  },
  {
    "name": "ALDI SPRINGFIELD"
  },
  {
    "name": "ALDI SWINDON"
  },
  {
    "name": "ALDI TULLY"
  },
  {
    "name": "ALDI VALPARAISO"
  },
  {
    "name": "ALDI WEBBERVILLE"
  },
  {
    "name": "All Points Transportaion"
  },
  {
    "name": "ALL- AMERICAN FARMS, INC."
  },
  {
    "name": "ALLEN LUND"
  },
  {
    "name": "ALPINE SUMMIT"
  },
  {
    "name": "Altar Produce"
  },
  {
    "name": "ALVAREZ TRUCKING"
  },
  {
    "name": "ALWAYS FRESH FARMS"
  },
  {
    "name": "AMAZON DALLAS (DAL6)"
  },
  {
    "name": "AMAZON GA (ATL9)"
  },
  {
    "name": "AMAZON MIAMI (MIA6)"
  },
  {
    "name": "AMERICAN BLUEBERRIES OF NC"
  },
  {
    "name": "American Fresh Produce"
  },
  {
    "name": "AMERICAN FRUIT & PRODUCE MIAMI"
  },
  {
    "name": "AMERICAN FRUIT & VEGETABLE"
  },
  {
    "name": "AMERICAN PRODUCE"
  },
  {
    "name": "AMERIFRESH INC"
  },
  {
    "name": "ANDEAN FRUIT LLC"
  },
  {
    "name": "ANDREWS BROTHERS INC."
  },
  {
    "name": "APIO INC"
  },
  {
    "name": "Armellini Express LINES"
  },
  {
    "name": "Associate wholesale Grocers LA"
  },
  {
    "name": "ASSOCIATED GROCERS - NEW ENGLAND"
  },
  {
    "name": "ASSOCIATED GROCERS-BATON ROUGE"
  },
  {
    "name": "ASSOCIATED WHOLESALE GROCERS"
  },
  {
    "name": "ATP LOGISTICS, INC."
  },
  {
    "name": "AUBURN PRODUCE"
  },
  {
    "name": "AVILA PRODUCE, INC"
  },
  {
    "name": "AWG"
  },
  {
    "name": "AYCO FARMS INC."
  },
  {
    "name": "AZ PRODUCE"
  },
  {
    "name": "BAIRD PRODUCE INC"
  },
  {
    "name": "BALDOR SPECIALTY FOODS, INC."
  },
  {
    "name": "BALLS FOOD STORES WAREHOUSE"
  },
  {
    "name": "Bargain Barn"
  },
  {
    "name": "BASHA'S INC."
  },
  {
    "name": "BASHA'S INC. HOME OFFICE"
  },
  {
    "name": "BAYSHORE PRODUCE"
  },
  {
    "name": "BELLA FRESH"
  },
  {
    "name": "BEN B. SCHWARTZ & SONS"
  },
  {
    "name": "BEN E KEITH ALBUQUERQUE"
  },
  {
    "name": "BEN E KEITH AMARILLO"
  },
  {
    "name": "BEN E KEITH SOUTHEAST"
  },
  {
    "name": "BENNY'S FARM FRESH"
  },
  {
    "name": "BERRY FRESH"
  },
  {
    "name": "BERRY GARDENS"
  },
  {
    "name": "Berry Source LLC"
  },
  {
    "name": "Better life Organics produce"
  },
  {
    "name": "BIFULCOS FARMS"
  },
  {
    "name": "BIG SKY TRADING"
  },
  {
    "name": "BIG STATE PRODUCE COMPANY"
  },
  {
    "name": "BIG Y FOODS"
  },
  {
    "name": "BISON TRANSPORT"
  },
  {
    "name": "Bloxom, F. C., Co."
  },
  {
    "name": "Blueberry Warehouse"
  },
  {
    "name": "BMY TRANSPORT"
  },
  {
    "name": "BOB'S PRODUCE RANCH"
  },
  {
    "name": "BOVA FRESH LLC."
  },
  {
    "name": "BRANDT PRODUCE"
  },
  {
    "name": "Brea Produce"
  },
  {
    "name": "BROOKSHIRE BROTHERS"
  },
  {
    "name": "BROTHERS FOOD SERVICE"
  },
  {
    "name": "Brothers Food Service-Houston"
  },
  {
    "name": "Brothers Produce"
  },
  {
    "name": "BUDDY PRODUCE"
  },
  {
    "name": "BURNAC PRODUCE LIMITED"
  },
  {
    "name": "BURRIS ELKTON, MD"
  },
  {
    "name": "BURRIS ORLAND, FL"
  },
  {
    "name": "BURRIS ROCKY HILLl,CT"
  },
  {
    "name": "C & S Hammond, LA"
  },
  {
    "name": "C & S MIAMI, FL"
  },
  {
    "name": "C & T PRODUCE"
  },
  {
    "name": "C Lane Company"
  },
  {
    "name": "C&C PRODUCE"
  },
  {
    "name": "C&S MAULDIN,SC"
  },
  {
    "name": "C&S NE MARYLAND"
  },
  {
    "name": "C&S WHOLESALE (HATFIELD)"
  },
  {
    "name": "C&S WHOLESALE -  CHESTER"
  },
  {
    "name": "C&S WHOLESALE - DUBOIS"
  },
  {
    "name": "C&S WHOLESALE GROCERS, INC."
  },
  {
    "name": "C.F. PRODUCE INC."
  },
  {
    "name": "CAITO FOODS"
  },
  {
    "name": "CAL FRESCO"
  },
  {
    "name": "CAL-FRESCO"
  },
  {
    "name": "California Giant, Inc"
  },
  {
    "name": "CALYPSO FRESH, LLC"
  },
  {
    "name": "CANADAWIDE"
  },
  {
    "name": "CAPITOL CITY PRODUCE"
  },
  {
    "name": "CAPUTO'S NEW FARM PRODUCE"
  },
  {
    "name": "CARBAMERICAS"
  },
  {
    "name": "CARBONELLA & DESARBO, INC."
  },
  {
    "name": "Caribbean Produce / Cool Transport"
  },
  {
    "name": "Caribbean Produce / Crowleyy Fresh Log"
  },
  {
    "name": "Caribbean Produce Exchange, LLC. BILLING"
  },
  {
    "name": "CARUSO PRODUCE, INC"
  },
  {
    "name": "CASTELLINI CO"
  },
  {
    "name": "CASTELO COLD STORAGE"
  },
  {
    "name": "Cavazos Fruit & Vegetable Co., Inc."
  },
  {
    "name": "CENTRAL GROUP"
  },
  {
    "name": "CERTIFIED FREIGHTLOGISTICS"
  },
  {
    "name": "CH ROBINSON  -  BILLING"
  },
  {
    "name": "Charlie's Produce Boise Division"
  },
  {
    "name": "CHARLIES PRODUCE CLACKAMAS"
  },
  {
    "name": "CHARLIES PRODUCE LOS ANGELES"
  },
  {
    "name": "CHARLIES PRODUCE SEATTLE"
  },
  {
    "name": "CHEF'S PRODUCE"
  },
  {
    "name": "CHENAIL FRUITS & LEGUMES"
  },
  {
    "name": "CIRCUS FRUITS"
  },
  {
    "name": "CITY PRODUCE"
  },
  {
    "name": "CO-OP PARTNERS"
  },
  {
    "name": "COASTAL FRESH FARMS"
  },
  {
    "name": "COBALT HILLS FARMS"
  },
  {
    "name": "COHEN PRODUCE MARKETING"
  },
  {
    "name": "COLD FRESH"
  },
  {
    "name": "COLLINGTON PRODUCE"
  },
  {
    "name": "Collins Brothers Produce"
  },
  {
    "name": "Collins Brothers Produce BILLING"
  },
  {
    "name": "COLLOTTI & SONS"
  },
  {
    "name": "COLO PAC PRODUCE INC."
  },
  {
    "name": "COMMODITY TRANSPORTATION SERVICES"
  },
  {
    "name": "CONDAKES CO. INC."
  },
  {
    "name": "CONSUMER PRODUCE"
  },
  {
    "name": "COOSEMANS ATL"
  },
  {
    "name": "Coosemans Cleveland, Inc."
  },
  {
    "name": "COOSEMANS DALLAS, INC"
  },
  {
    "name": "COOSEMANS MIAMI"
  },
  {
    "name": "COOSEMANS MONTREAL INC."
  },
  {
    "name": "COOSEMANS PHILADELPHIA, INC"
  },
  {
    "name": "COOSEMANS TAMPA, INC."
  },
  {
    "name": "COSTCO (SUMNER, WA)"
  },
  {
    "name": "COSTCO AIRDRIE"
  },
  {
    "name": "COSTCO AURORA"
  },
  {
    "name": "COSTCO CANADA LAGLEY"
  },
  {
    "name": "COSTCO COLLEGE PARK"
  },
  {
    "name": "COSTCO DALLAS DEPOT - WET"
  },
  {
    "name": "COSTCO FREDERICK DEPOT - WET"
  },
  {
    "name": "COSTCO FREDERICTON"
  },
  {
    "name": "COSTCO KATY (HOUSTON)"
  },
  {
    "name": "COSTCO KOREA"
  },
  {
    "name": "COSTCO MIRA LOMA (HAWAII)"
  },
  {
    "name": "COSTCO MIRA LOMA DEPOT - WET"
  },
  {
    "name": "COSTCO MONCTON"
  },
  {
    "name": "COSTCO MONROE TOWNSHIP"
  },
  {
    "name": "COSTCO MORAINE TOWNSHIP"
  },
  {
    "name": "COSTCO MORRIS DEPOT"
  },
  {
    "name": "COSTCO OWATONNA MN"
  },
  {
    "name": "COSTCO SAINT JOHN"
  },
  {
    "name": "COSTCO SALT LAKE CITY"
  },
  {
    "name": "COSTCO TAIWAN"
  },
  {
    "name": "COSTCO TOLLESON #260"
  },
  {
    "name": "COSTCO TRACY C/D DEPOT"
  },
  {
    "name": "COSTCO USA"
  },
  {
    "name": "COSTCO VAN BUREN - WET"
  },
  {
    "name": "COSTCO VARENNES"
  },
  {
    "name": "COSTCO WEST PALM BEACH"
  },
  {
    "name": "COSTCO WHOLE SALE (CANADA)"
  },
  {
    "name": "COSTCO WHOLESALE ICELAND EHF"
  },
  {
    "name": "COURCHESEN LAROSE"
  },
  {
    "name": "CREWS & GARCIA, INC."
  },
  {
    "name": "CROSS LOGISTIC"
  },
  {
    "name": "CROSSET COMPANY, LLC"
  },
  {
    "name": "CROWLEY LOGISTICS, INC."
  },
  {
    "name": "CRYSTAL VALLES WEST"
  },
  {
    "name": "CRYSTAL VALLEY FOODS"
  },
  {
    "name": "CRYSTAL VALLEY WEST, Inc."
  },
  {
    "name": "Curation Foods"
  },
  {
    "name": "CUSTOM PRODUCE"
  },
  {
    "name": "D'ARRIGO BROTHERS"
  },
  {
    "name": "DALLAS PRODUCE"
  },
  {
    "name": "DANDREA PRODUCE"
  },
  {
    "name": "DAVALAN SALES, INC."
  },
  {
    "name": "DAVE'S SPECIALTY IMPORTS"
  },
  {
    "name": "DAVID OPPENHEIMER TRANSPORTATION"
  },
  {
    "name": "DAVIE MARKETPLACE, LLC"
  },
  {
    "name": "DEKALB FARMERS MARKET IN."
  },
  {
    "name": "DEL BENE PRODUCE"
  },
  {
    "name": "DEL MONTE - DALLAS, TX"
  },
  {
    "name": "DEL MONTE - DENVER, CO"
  },
  {
    "name": "DEL MONTE - Houston, TX"
  },
  {
    "name": "DEL MONTE FRESH PRODUCE"
  },
  {
    "name": "Del Monte Gonzales"
  },
  {
    "name": "DELFINO MARKETING ,INC"
  },
  {
    "name": "DELVI, INC"
  },
  {
    "name": "DENMAR ESTATES PTY (LTD)"
  },
  {
    "name": "DESIDERIO, JAMES, INC."
  },
  {
    "name": "DETWILER'S FARM MARKET"
  },
  {
    "name": "DEVINE ORGANICS"
  },
  {
    "name": "DEVINE ORGANICS BILLING"
  },
  {
    "name": "Discovery Organics"
  },
  {
    "name": "DISCOVERY ORGANICS CALGARY"
  },
  {
    "name": "DLJ PRODUCE INC"
  },
  {
    "name": "DNO, INC."
  },
  {
    "name": "DOLE FRESH VEGETABLES"
  },
  {
    "name": "DOUG SPECIALTIES"
  },
  {
    "name": "DREW MASA TRANSPORTATION"
  },
  {
    "name": "Drouyn & Co., Inc."
  },
  {
    "name": "DUNEDEE CITRUS GROWERS ASSN"
  },
  {
    "name": "E. ARMATA INC."
  },
  {
    "name": "East Coast Fresh"
  },
  {
    "name": "ECONOMY PRODUCE & VEGETABLE"
  },
  {
    "name": "EDIBLE HARVEST FARMS CORP."
  },
  {
    "name": "ELITE FARMS"
  },
  {
    "name": "EVER EXPRESS"
  },
  {
    "name": "Every Plate - CA"
  },
  {
    "name": "EVERY PLATE- TOTOWA"
  },
  {
    "name": "EveryPlate - NJ"
  },
  {
    "name": "EveryPlate - TX"
  },
  {
    "name": "Excell Produce INC"
  },
  {
    "name": "F. G. LISTER & Co. Ltd."
  },
  {
    "name": "FAIRWAY MARKET"
  },
  {
    "name": "FAIRWAY MARKET HOME OFFICE"
  },
  {
    "name": "FARM DRIECT SUPPLY, LLC"
  },
  {
    "name": "FARM SHARE"
  },
  {
    "name": "Farmington Fresh Cuts, LLC / JADA FARMS"
  },
  {
    "name": "FIERMAN PRODUCE EXCHANGE INC"
  },
  {
    "name": "FIRST CUT PRODUCE"
  },
  {
    "name": "FOOD CITY DISTRIBUTION CENTER"
  },
  {
    "name": "FORD'S PRODUCE"
  },
  {
    "name": "FORDEL MARKETING LLC"
  },
  {
    "name": "FORTUNE FARMS"
  },
  {
    "name": "FOSTER CAVINESS"
  },
  {
    "name": "FOUR SEASONS PRODUCE"
  },
  {
    "name": "FRANK DONIO"
  },
  {
    "name": "FRANK GARGIULO"
  },
  {
    "name": "FREDDOM FRESH, INC"
  },
  {
    "name": "FRESH ADVANCEMENTS"
  },
  {
    "name": "Fresh Grown Farms, LLC"
  },
  {
    "name": "FRESH HOUSE WAREHOUSE"
  },
  {
    "name": "Fresh Point Los Angeles"
  },
  {
    "name": "FRESH POINT VACOUVER"
  },
  {
    "name": "FRESH RESULTS"
  },
  {
    "name": "FRESH THYME"
  },
  {
    "name": "FRESHOUSE"
  },
  {
    "name": "FRESHPOINT ATLANTA, INC."
  },
  {
    "name": "FreshPoint Central Florida"
  },
  {
    "name": "Freshpoint CT"
  },
  {
    "name": "FreshPoint Dallas, Inc."
  },
  {
    "name": "Freshpoint Denver"
  },
  {
    "name": "FRESHPOINT SOUTH FLORIDA"
  },
  {
    "name": "FRESNO PRODUCE, INC."
  },
  {
    "name": "FRIEDA'S"
  },
  {
    "name": "FRONT ROW PRODUCE"
  },
  {
    "name": "Fruit et Legumes Gaetan Bono"
  },
  {
    "name": "G & G PRODUCE INC"
  },
  {
    "name": "G&S PRODUCE DISTRIBUTING"
  },
  {
    "name": "GENERAL PRODUCE, INC."
  },
  {
    "name": "GET FRESH"
  },
  {
    "name": "GET FRESH PROACT"
  },
  {
    "name": "GFS GALGARY"
  },
  {
    "name": "GH FOODS, RIVERSIDE"
  },
  {
    "name": "GIANT CARLISLE"
  },
  {
    "name": "Giant Eagle (crafton Whse)"
  },
  {
    "name": "Giant Eagle (Riser Whse)"
  },
  {
    "name": "GIANT EAGLE BILLING"
  },
  {
    "name": "GIANT EAGLE Pittsuburgh"
  },
  {
    "name": "GIANT LANDOVER"
  },
  {
    "name": "GIORDANO, PAUL, & SONS, INC."
  },
  {
    "name": "Glitter Gem Enterprise Co., Ltd."
  },
  {
    "name": "GLT Logistics"
  },
  {
    "name": "GOLD MEDAL PRODUCE"
  },
  {
    "name": "GOLDEN BLUES"
  },
  {
    "name": "GOOD FOOD MARKET"
  },
  {
    "name": "GOURMET TRADING COMPANY"
  },
  {
    "name": "GQ FREIGHT"
  },
  {
    "name": "GREAT WEST PRODUCE"
  },
  {
    "name": "GREEN WAVE FARMS"
  },
  {
    "name": "GREGORY, NICKEY, COMPANY, INC."
  },
  {
    "name": "Gro Organics, LLC."
  },
  {
    "name": "Grocers Supply"
  },
  {
    "name": "Growers Are Us"
  },
  {
    "name": "GUARINO SONS, INC."
  },
  {
    "name": "GUIMARRA INTERNATIONAL MARKETING"
  },
  {
    "name": "GW Palmer & Co."
  },
  {
    "name": "H&A FARMS"
  },
  {
    "name": "HADIE'S HOUSTON"
  },
  {
    "name": "Haliburton International Foods, Inc."
  },
  {
    "name": "HALLS WAREHOUSE CORP"
  },
  {
    "name": "HAPPY DIRT"
  },
  {
    "name": "HARDIE'S AUSTIN"
  },
  {
    "name": "HARDIE'S FRUIT & VEGETABLES COMPANY"
  },
  {
    "name": "HARDIE'S FRUIT & VEGETABLES COMPANY, LP"
  },
  {
    "name": "HARDIE'S SAN ANTONIO"
  },
  {
    "name": "HARRIS TEETER"
  },
  {
    "name": "HARRIS TEETER - INDIAN TRAIL"
  },
  {
    "name": "HARRIS TEETER GREENSBORO"
  },
  {
    "name": "HARVEST CROWN CO. , INC"
  },
  {
    "name": "HARVEST SENSATIONS, LLC"
  },
  {
    "name": "HEARTLAND PRODUCE COMPANY"
  },
  {
    "name": "HEATH & LEJUNE INC"
  },
  {
    "name": "HEB - TEMPLE"
  },
  {
    "name": "HEB HOMEOFFICE"
  },
  {
    "name": "HEB HOUSTON"
  },
  {
    "name": "HEB SAN ANTONIO"
  },
  {
    "name": "HECTOR LARIVEE, INC."
  },
  {
    "name": "HEINEN'S FINE FOOD"
  },
  {
    "name": "HEINEN'S INC"
  },
  {
    "name": "Hello Fresh - TX3"
  },
  {
    "name": "HELLO FRESH BILLING"
  },
  {
    "name": "HELLO FRESH MD"
  },
  {
    "name": "HELLO FRESH NEWARK NJ"
  },
  {
    "name": "HELLO FRESH PRARIE TX"
  },
  {
    "name": "HELLO FRESH RICHMOND CA"
  },
  {
    "name": "HelloFresh GA"
  },
  {
    "name": "HENDERSON FRUIT & PRODUCE"
  },
  {
    "name": "HOUSTON FRUITLAND INC"
  },
  {
    "name": "HOUSTON PRODUCE"
  },
  {
    "name": "Hungry Harvest"
  },
  {
    "name": "HUNGRY HARVEST Landover"
  },
  {
    "name": "HY-VEE, INC. Chariton"
  },
  {
    "name": "HY-VEE, INC. Home Office"
  },
  {
    "name": "Imperfect Foods - LAX"
  },
  {
    "name": "Imperfect Foods - SFO"
  },
  {
    "name": "Imperfect Foods- Baltimore"
  },
  {
    "name": "Imperfect Foods- BILLING"
  },
  {
    "name": "Imperfect Foods- IL"
  },
  {
    "name": "Imperfect Foods- San Antonio TX"
  },
  {
    "name": "Imperfect Produce - PDX"
  },
  {
    "name": "INDIANAPOLIS FRUIT"
  },
  {
    "name": "INGLES MARKET"
  },
  {
    "name": "INGLES MARKET, INC"
  },
  {
    "name": "INTEGRATED TRANSPORT SERVICES"
  },
  {
    "name": "INTEGRITY EXPRESS"
  },
  {
    "name": "IPPOLITO FRUIT AND PRODUCE"
  },
  {
    "name": "IPPOLITO TRANSPORTATION"
  },
  {
    "name": "J & J DISTRIBUTING"
  },
  {
    "name": "J STAR LOGISTICS LLC"
  },
  {
    "name": "J. AMBROGI FOOD DISTRIBUTION"
  },
  {
    "name": "J.B. Hunt Transport, Inc."
  },
  {
    "name": "jab produce"
  },
  {
    "name": "JACK SCALISI WHOLESALE FRUIT & PRODICE"
  },
  {
    "name": "Jacob's Village"
  },
  {
    "name": "JADA FARMS LLC"
  },
  {
    "name": "JAY HILL TRUCK BROKER, LLC"
  },
  {
    "name": "JBJ Distribuing, Inc."
  },
  {
    "name": "JC AURORA TRUCKING, IN"
  },
  {
    "name": "JD RODRIGUEZ PRODUCE"
  },
  {
    "name": "JEAR LOGISTICS"
  },
  {
    "name": "JETRO ATLANTA"
  },
  {
    "name": "JETRO CASH & CARRY RESTAURANT DEPOT"
  },
  {
    "name": "JETRO CHICAGO / BERSHIRE REFRIGERATED WA"
  },
  {
    "name": "JETRO WINTER HAVEN"
  },
  {
    "name": "JEWELS FOOD STORES"
  },
  {
    "name": "JOHN B. ORDILLE INC."
  },
  {
    "name": "JOHN J JERUE TRUCK BROKERS INC."
  },
  {
    "name": "JOSEPH LUCCA"
  },
  {
    "name": "JUNGLE JIMS MARKET"
  },
  {
    "name": "KARPINSKI TRUCKING & PRODUCE"
  },
  {
    "name": "KATZMAN PRODUCE"
  },
  {
    "name": "KEITH CONNELL INC."
  },
  {
    "name": "KEY PRODUCE"
  },
  {
    "name": "KEYSTONE FRUIT MARKETING, INC"
  },
  {
    "name": "KING FRESH PRODUCE, LLC"
  },
  {
    "name": "King Fresh Produce, LLC. - Midwest Offic"
  },
  {
    "name": "KINGSTON"
  },
  {
    "name": "KODIAK PRODUCE"
  },
  {
    "name": "KOTTKE TRUCKING"
  },
  {
    "name": "KOVACEVICH"
  },
  {
    "name": "KROGER"
  },
  {
    "name": "KROGER CINCINNATI"
  },
  {
    "name": "KROGER CLACKAMAS"
  },
  {
    "name": "KROGER COLUMBUS"
  },
  {
    "name": "KROGER COMPTON"
  },
  {
    "name": "KROGER DALLAS"
  },
  {
    "name": "KROGER DELAWARE"
  },
  {
    "name": "KROGER DELTA"
  },
  {
    "name": "KROGER DENVER"
  },
  {
    "name": "KROGER DILLONS PRODUCE WHOLESALE"
  },
  {
    "name": "KROGER EAST HOUSTON"
  },
  {
    "name": "KROGER EAST ROANOKE"
  },
  {
    "name": "KROGER FORT GILLEM"
  },
  {
    "name": "KROGER KING SOOPER PRODUCE"
  },
  {
    "name": "KROGER LAYTON"
  },
  {
    "name": "KROGER LOUISVILLE"
  },
  {
    "name": "KROGER MICHIGAN FRESH"
  },
  {
    "name": "KROGER PUYALLAP"
  },
  {
    "name": "KROGER RIVERSIDE"
  },
  {
    "name": "KROGER SHELBYVILLE"
  },
  {
    "name": "KROGER TOLLESON"
  },
  {
    "name": "KROWN PRODUCE"
  },
  {
    "name": "KROWN PRODUCE, INC."
  },
  {
    "name": "KVAT FOOD STORES"
  },
  {
    "name": "L&R TRADING GROUP, INC."
  },
  {
    "name": "La Bodega Produce"
  },
  {
    "name": "LA PRODUCE DISTRIBUTORS"
  },
  {
    "name": "LA PRODUCE DISTRIBUTORS BILLING OFFICE"
  },
  {
    "name": "LAGRASSO BROS INC."
  },
  {
    "name": "LANCASTER FOODS, LLC"
  },
  {
    "name": "LD LOGISTICS, LLC"
  },
  {
    "name": "LEE SIGLER INC"
  },
  {
    "name": "LEGACY FARMS LLC"
  },
  {
    "name": "LEONARD EXPRESS"
  },
  {
    "name": "Liberty Fruit Co., Inc"
  },
  {
    "name": "LIDL PERRYVILLE"
  },
  {
    "name": "LIDL US FREDERICKSBURG DC"
  },
  {
    "name": "LIDL US GRAHAM DC"
  },
  {
    "name": "LIDL US HOME OFFICE"
  },
  {
    "name": "Life Family Farms"
  },
  {
    "name": "LOBLAW - ST JOHN DIVISION"
  },
  {
    "name": "LOBLAW AJAX"
  },
  {
    "name": "LOBLAW BOUCHERVILLE"
  },
  {
    "name": "LOBLAW CALENDONIA"
  },
  {
    "name": "LOBLAW CAMBRIDGE / MAPLEGROVE"
  },
  {
    "name": "LOBLAW COMPANIES (BILLING)"
  },
  {
    "name": "LOBLAW FREEPORT"
  },
  {
    "name": "LOBLAW REGINA"
  },
  {
    "name": "LOBLAW SOUTH SURREY"
  },
  {
    "name": "LOFFREDO - DES MOINES"
  },
  {
    "name": "LUCKY'S MARKETS"
  },
  {
    "name": "Lunds"
  },
  {
    "name": "M & M WEST COAST"
  },
  {
    "name": "Mac Edwards Produce Doral"
  },
  {
    "name": "Mac Edwards Produce Miami"
  },
  {
    "name": "MACADU LLC"
  },
  {
    "name": "MacEdwards Produce & Company Inc Billing"
  },
  {
    "name": "MANFREDI COLD STORAGE & DISTRIBUTION INC"
  },
  {
    "name": "MANN ACKING"
  },
  {
    "name": "MANN PACKING"
  },
  {
    "name": "MARANO CO ANTHONY"
  },
  {
    "name": "MARC SUPERMARKETS"
  },
  {
    "name": "MARKET BASKET"
  },
  {
    "name": "MARKET EXPRESS"
  },
  {
    "name": "Markon Cooperative inc"
  },
  {
    "name": "MARSH SUPERMARKET"
  },
  {
    "name": "MARY'S HARVEST FRESH FOODS"
  },
  {
    "name": "Mastronardi BerryWorld America,"
  },
  {
    "name": "MAUI Fresh International"
  },
  {
    "name": "MAX GROUP"
  },
  {
    "name": "MC GARLET SRL"
  },
  {
    "name": "MCCARTNEY PRODUCE"
  },
  {
    "name": "MCCARTNEY PRODUCE HOME OFFICE"
  },
  {
    "name": "McCoy's Salvage"
  },
  {
    "name": "MEGACORP LOGISTICS"
  },
  {
    "name": "MELISA WORLD VARIETY"
  },
  {
    "name": "MERCHANT DIST INC."
  },
  {
    "name": "MERIDIAN FINE FOODS LLC"
  },
  {
    "name": "MIDWEST BEST PRODUCE INC."
  },
  {
    "name": "MIKE'S DISCOUNT FOODS INC"
  },
  {
    "name": "MITCHELL GROCERY CORP"
  },
  {
    "name": "MITCHELL GROCERY CORP."
  },
  {
    "name": "MLC BERRIES ,INC."
  },
  {
    "name": "Monroe & Sons Produce Distributors"
  },
  {
    "name": "MONSTER FRESH"
  },
  {
    "name": "MOONLIGHT SALES"
  },
  {
    "name": "MOSBY FARM"
  },
  {
    "name": "MR. GREEN'S PRODUCE"
  },
  {
    "name": "MYRICK, EDWARD L. PRODUCE INC."
  },
  {
    "name": "NATURIPE FARMS, LLC"
  },
  {
    "name": "Neighbors Market"
  },
  {
    "name": "NEW ERA PRODUCE"
  },
  {
    "name": "NEW GENERATION PRODUCE"
  },
  {
    "name": "NICHO PRODUCE CO. INC"
  },
  {
    "name": "NICKEY GREGORY CO., LLC"
  },
  {
    "name": "NICOLAS & COMPANY- LAS VEGAS"
  },
  {
    "name": "NOLAN TRANSPORTATION GROUP"
  },
  {
    "name": "NOR-CAL PRODUCE"
  },
  {
    "name": "NORTH BAY"
  },
  {
    "name": "NORTH BAY MICHIGAN"
  },
  {
    "name": "Northside Banana"
  },
  {
    "name": "NORTHSTAR PRODUCE INC."
  },
  {
    "name": "NORTHSTAR PRODUCE INC. BERRY SALES"
  },
  {
    "name": "OK PRODUCE"
  },
  {
    "name": "OLYMPIC FRUIT"
  },
  {
    "name": "OPPY TAMPA OFFIC"
  },
  {
    "name": "ORGANICALLY GROWN COMPANY"
  },
  {
    "name": "ORTO FOODS INC"
  },
  {
    "name": "Pacific Coast Produce"
  },
  {
    "name": "PACIFIC PRODUCE"
  },
  {
    "name": "Pappas, Pete & sons"
  },
  {
    "name": "PARADISE PRODUCE"
  },
  {
    "name": "PATTERSON TRUCK BROKERS"
  },
  {
    "name": "PAUL COLLINS PRODUCE CO."
  },
  {
    "name": "PAUL'S FRUIT MARKET, INC."
  },
  {
    "name": "PBA PRODUCE BROKERS OF ARIZONA"
  },
  {
    "name": "PEARCE WORLWIDE LOGISTICS"
  },
  {
    "name": "PEDDLERS SON"
  },
  {
    "name": "PENNROSE FARMS"
  },
  {
    "name": "PIGGLY WIGGLY SHEBOYGAN"
  },
  {
    "name": "PLANT CITY PRODUCE BILLING"
  },
  {
    "name": "PLANT CITY PRODUCE INC,"
  },
  {
    "name": "PORTLAND FRESH PRODUCE"
  },
  {
    "name": "PRICE CHOPPER"
  },
  {
    "name": "PRIME FRESH PRODUCE LLC"
  },
  {
    "name": "PRIME TIME INTERNATION"
  },
  {
    "name": "Priority 1"
  },
  {
    "name": "Pro Logistics Broker INC."
  },
  {
    "name": "PRO ORGANICS"
  },
  {
    "name": "PRO*ACT"
  },
  {
    "name": "PROCACCI BROTHERS SALES CORP"
  },
  {
    "name": "PRODUCE JUNCTION INC."
  },
  {
    "name": "PRODUCE PACKAGING INC"
  },
  {
    "name": "PRODUCE PLUS"
  },
  {
    "name": "PROFFER PRODUCE INC."
  },
  {
    "name": "PROGRESSIVE PRODUCE"
  },
  {
    "name": "PUBLIX ATLANTA"
  },
  {
    "name": "PUBLIX DEERFIELD"
  },
  {
    "name": "PUBLIX GREENSBORO"
  },
  {
    "name": "PUBLIX JACKSONVILLE"
  },
  {
    "name": "PUBLIX LAKELAND"
  },
  {
    "name": "PUBLIX ORLANDO"
  },
  {
    "name": "PURE FRESH"
  },
  {
    "name": "QSI PRODUCE"
  },
  {
    "name": "QUALITY TRANSPORTATION SERVICES, INC"
  },
  {
    "name": "QUEBEC DISTRIBUTING CO."
  },
  {
    "name": "R&D & QC"
  },
  {
    "name": "RAHLL & SONS INC. EDWARD G."
  },
  {
    "name": "RALEY'S SUPERMARKETS"
  },
  {
    "name": "RAM PRODUCE DISTRIBUTORS"
  },
  {
    "name": "RAM PRODUCE DISTRIBUTORS BILLING"
  },
  {
    "name": "RAM TRANSPORTATION SERVICES, INC."
  },
  {
    "name": "REDNERS MARKETS"
  },
  {
    "name": "Renaissance Food Group"
  },
  {
    "name": "Renaissance Food Group, LLC 9(GHSE LLC )"
  },
  {
    "name": "Renaissance Food Group, LLC TX 9(GHSE)"
  },
  {
    "name": "RESTAURANT DEPOT HOUSTON"
  },
  {
    "name": "RETAIL BUSINESS SERVICES LLC"
  },
  {
    "name": "RF Trading Co. Ltd."
  },
  {
    "name": "RINELLA PRODUCE"
  },
  {
    "name": "RISER CLEVELAND"
  },
  {
    "name": "RIVER CITY PRODUCE"
  },
  {
    "name": "RIVIERA PRODUCE"
  },
  {
    "name": "ROBINSON FRESH"
  },
  {
    "name": "ROCKY PRODUCE INC."
  },
  {
    "name": "ROSENTHAL FOODS"
  },
  {
    "name": "ROUNDY'S FOODS, INC."
  },
  {
    "name": "ROUNDY'S INC."
  },
  {
    "name": "ROYAL FOOD SERVICE"
  },
  {
    "name": "Russ Davis Wholesale"
  },
  {
    "name": "Ryeco inc"
  },
  {
    "name": "S. STROCK & CO INC"
  },
  {
    "name": "SAFCO OF AMERICA, LLC"
  },
  {
    "name": "Safeway Anchorage"
  },
  {
    "name": "SAFEWAY INC"
  },
  {
    "name": "SAFEWAY PHOENIX"
  },
  {
    "name": "SAFEWAY SPOKANE"
  },
  {
    "name": "SAFEWAY STORES (DENVER)"
  },
  {
    "name": "SALEM PRODUCE, LLC."
  },
  {
    "name": "SAN DIEGO FOOD BANK"
  },
  {
    "name": "Savanna Freight Brokers (SFB)"
  },
  {
    "name": "Save-A-Lot - Plant City, FL"
  },
  {
    "name": "Save-A-Lot - Saint Louis, MO"
  },
  {
    "name": "SAWYERS PRODUCE"
  },
  {
    "name": "SCHNUCK MARKETS"
  },
  {
    "name": "Schwartzman Distributing"
  },
  {
    "name": "SCOTTLYNN"
  },
  {
    "name": "SEALD SWEETS INTERNATIONAL"
  },
  {
    "name": "SEN BROTHERS"
  },
  {
    "name": "SENDIK'S FOOD MARKETS"
  },
  {
    "name": "SERRA BROTHERS"
  },
  {
    "name": "SERVICE FIRST LOGISTICS"
  },
  {
    "name": "SEVEN SEAS FRUIT"
  },
  {
    "name": "SEVEN SEAS FRUIT FLORIDA"
  },
  {
    "name": "SEVERT & SONS PRODUCE"
  },
  {
    "name": "SHAMROCK FOODS CO BOISE"
  },
  {
    "name": "Shamrock Foods Denver"
  },
  {
    "name": "Shamrock foods New Mexcio"
  },
  {
    "name": "Shamrock Foods Pheonix"
  },
  {
    "name": "SHAMROCK FOODS-SO CAL"
  },
  {
    "name": "Shamrock Produce and Brokerage LLC"
  },
  {
    "name": "SHASTA PRODUCE"
  },
  {
    "name": "SHASTA PRODUCE BILLING"
  },
  {
    "name": "SHAWS SUPERMARKETS"
  },
  {
    "name": "SHORY EXPRESS LLC"
  },
  {
    "name": "SIMPLY FRESH"
  },
  {
    "name": "Sobey's Edmonton"
  },
  {
    "name": "Sobey's Mount Pearl"
  },
  {
    "name": "Sobey's Winnipeg"
  },
  {
    "name": "SOBEYS - WHITBY"
  },
  {
    "name": "Sobeys Calgary Refrigerated Whse"
  },
  {
    "name": "SOBEYS CAMBELL"
  },
  {
    "name": "SOBEYS DEBERT"
  },
  {
    "name": "Sobeys Division de Boucherville"
  },
  {
    "name": "Sobeys Division de Quebec-2"
  },
  {
    "name": "SOBEYS HOME OFFICE"
  },
  {
    "name": "SOBEYS MILTON"
  },
  {
    "name": "SOBEYS ONTARIO"
  },
  {
    "name": "Sobeys Quebec INC OPCO"
  },
  {
    "name": "SOBEYS VANCOUVER"
  },
  {
    "name": "SOFRESH PRODUCE"
  },
  {
    "name": "Sonora Specialties"
  },
  {
    "name": "SOUTH FLORIDA PRODUCE LLC"
  },
  {
    "name": "SOUTH MILL"
  },
  {
    "name": "Southern Growers and Traders"
  },
  {
    "name": "SOUTHERN SPECIALTIES INC."
  },
  {
    "name": "Southern Valley"
  },
  {
    "name": "SPARTAN NASH BILLING"
  },
  {
    "name": "SPARTAN NASH SHIPPING"
  },
  {
    "name": "SPIECH FARMS"
  },
  {
    "name": "SPINDLE COOLING & WAREHOUSE LLC"
  },
  {
    "name": "SPOKANE PRODUCE"
  },
  {
    "name": "SPROUTS - AZ"
  },
  {
    "name": "SPROUTS - DALLAS"
  },
  {
    "name": "SPROUTS - FULLERTON"
  },
  {
    "name": "SPROUTS AURORA"
  },
  {
    "name": "SPROUTS CALIFORNIA PRODUCE"
  },
  {
    "name": "SPROUTS FARMERS MARKET"
  },
  {
    "name": "SPROUTS ORLANDO"
  },
  {
    "name": "SPROUTS UNION CITY"
  },
  {
    "name": "SQUARE 1 FARMS"
  },
  {
    "name": "STAR PRODUCE"
  },
  {
    "name": "STATER BROTHERS"
  },
  {
    "name": "Stock movement"
  },
  {
    "name": "STOP & SHOP CHESTER"
  },
  {
    "name": "STOP & SHOP FREETOWN"
  },
  {
    "name": "STRUBE CELERY VEGETABLE"
  },
  {
    "name": "SUN CITY"
  },
  {
    "name": "SUN VALLEY FRUIT CORP."
  },
  {
    "name": "SUNGWON DISTRIBUTORS, LLC."
  },
  {
    "name": "SUNRISE FRESH PRODUCE"
  },
  {
    "name": "SUNRISE LOGISTIC INC."
  },
  {
    "name": "SUNTERRA PRODUCE TRADERS EAST, LLC."
  },
  {
    "name": "SUPER KING"
  },
  {
    "name": "SUPERIOR SALES"
  },
  {
    "name": "Superior Sales West inc."
  },
  {
    "name": "SUPERSTITION RANCH MARKET"
  },
  {
    "name": "SUPERVALU"
  },
  {
    "name": "SUPERVALU - 14"
  },
  {
    "name": "SUPERVALU - 15"
  },
  {
    "name": "SUPERVALU - 44"
  },
  {
    "name": "SUPERVALU - 45"
  },
  {
    "name": "SUPERVALU - 68"
  },
  {
    "name": "Supervalu Schnecksville"
  },
  {
    "name": "SUPERVALU- 21"
  },
  {
    "name": "SUPERVALU-83"
  },
  {
    "name": "SW PRODUCE INC"
  },
  {
    "name": "SWIFT TRANSPORTATION"
  },
  {
    "name": "SYSCO BILLING"
  },
  {
    "name": "SYSCO ORLANDO"
  },
  {
    "name": "TAMBO SUR"
  },
  {
    "name": "TARANTINO FOODS"
  },
  {
    "name": "TARGET CEDAR FALLS"
  },
  {
    "name": "TARGET CORPORATION"
  },
  {
    "name": "TARGET DENTON"
  },
  {
    "name": "TARGET LAKE CITY"
  },
  {
    "name": "TARGET RIALTO, CA"
  },
  {
    "name": "TARGET UPPER MARLBORO"
  },
  {
    "name": "TARGET WEST JEFFERSON"
  },
  {
    "name": "TAYLOR FARMS FLORIDA"
  },
  {
    "name": "TAYLOR FARMS NEW ENGLAND"
  },
  {
    "name": "TAYLOR FARMS NEW JERSEY, INC."
  },
  {
    "name": "TAYLOR FARMS NORTHWEST"
  },
  {
    "name": "TAYLOR FARMS PACIFIC"
  },
  {
    "name": "TAYLOR FARMS TENNESSE"
  },
  {
    "name": "TAYLOR FARMS TEXAS"
  },
  {
    "name": "TAYLOR FARMS TOLLESON"
  },
  {
    "name": "TCMARK"
  },
  {
    "name": "TEAM PRODUCE"
  },
  {
    "name": "Terra Exports, LLC."
  },
  {
    "name": "TESTA PRODUCE INC"
  },
  {
    "name": "THE FRESH SUPPLY COMPANY"
  },
  {
    "name": "The Freshwave LLC"
  },
  {
    "name": "THE GIANT"
  },
  {
    "name": "THE LID COMPANY"
  },
  {
    "name": "THE SANSON COMPANY"
  },
  {
    "name": "THOMAS FRUITS & LEGUMES"
  },
  {
    "name": "THOMAS MUSHROOM & SPEC. PRO. II"
  },
  {
    "name": "THOMAS MUSHROOM DALLAS"
  },
  {
    "name": "Tierra Maya"
  },
  {
    "name": "TODD GREINER FARMS PACKING"
  },
  {
    "name": "TOM LANGE PITTSBURGH"
  },
  {
    "name": "TOMATO KING"
  },
  {
    "name": "TONY VITRANO COMPANY"
  },
  {
    "name": "TOPCO ASSOCIATED INC."
  },
  {
    "name": "TOPS MARKET"
  },
  {
    "name": "TOTAL QUALITY LOGISTICS"
  },
  {
    "name": "TRACY PRODUCE"
  },
  {
    "name": "TRADEPRO PRODUCTS LLC"
  },
  {
    "name": "TRIEX CORPORATION"
  },
  {
    "name": "TROPIC BANANA"
  },
  {
    "name": "TTS LOGISTICS"
  },
  {
    "name": "TUCCI FRESH PRODUCE"
  },
  {
    "name": "UFG BV"
  },
  {
    "name": "UNIFIED GROCERS"
  },
  {
    "name": "UNITED FRUIT & PRODUCE"
  },
  {
    "name": "UNITED SALADS CO"
  },
  {
    "name": "United Super Mariket Pro-Health"
  },
  {
    "name": "UNITED SUPERMARKETS"
  },
  {
    "name": "UNITED SUPERMARKETS LLC"
  },
  {
    "name": "VALLEY FRUIT & PRODUCE"
  },
  {
    "name": "VALUE PRODUCE INC."
  },
  {
    "name": "VEG-FRESH FARMS"
  },
  {
    "name": "VEG-KING OF FLORIDA"
  },
  {
    "name": "Veg-Land, Inc"
  },
  {
    "name": "VEGA PRODUCE"
  },
  {
    "name": "VERO LOGISTICS LLC"
  },
  {
    "name": "Vinyard Fruit and Vegetable"
  },
  {
    "name": "W.R. VERNON"
  },
  {
    "name": "WAKE FERN FOODS"
  },
  {
    "name": "WAKE FERN NEWWARK DC"
  },
  {
    "name": "WAL MART DC LUCCA"
  },
  {
    "name": "WALMART DC 6042 PAULS VALLEY, OK"
  },
  {
    "name": "WALMART DC 6047 BEDFORD, PA"
  },
  {
    "name": "WALMART DC 6055 MONROE, GA"
  },
  {
    "name": "WALMART DC 6056 TERRELL, TX"
  },
  {
    "name": "WALMART DC 6057 ROBERTS, LA"
  },
  {
    "name": "WALMART DC 6059 OLNEY, IL"
  },
  {
    "name": "WALMART DC 6062 SHELBYVILLE, TN"
  },
  {
    "name": "WALMART DC 6064 CLEBURNE, TX"
  },
  {
    "name": "WALMART DC 6065 HARRISONVILLE, MO"
  },
  {
    "name": "WALMART DC 6071 WINTER HAVEN, FL"
  },
  {
    "name": "WALMART DC 6072 NEW ALBANY, MS"
  },
  {
    "name": "WALMART DC 6073 PAGELAND, SC"
  },
  {
    "name": "WALMART DC 6074 GARRET, IN"
  },
  {
    "name": "Walmart DC 6077 Moberly MO"
  },
  {
    "name": "WALMART DC 6082 CLARKSVILLE, AR"
  },
  {
    "name": "WALMART DC 6083 TEMPLE, TX"
  },
  {
    "name": "Walmart DC 6084 Los Luna NM"
  },
  {
    "name": "WALMART DC 6085 TOMAH, WI"
  },
  {
    "name": "WALMART DC 6090 CORINNE, UT"
  },
  {
    "name": "WALMART DC 6091 HERNDERSON, NC"
  },
  {
    "name": "WALMART DC 6095 OPELIKA, AL"
  },
  {
    "name": "WALMART DC 6096 JOHNSTOWN, NY"
  },
  {
    "name": "WALMART DC 6097 LONDON, KY"
  },
  {
    "name": "WALMART DC 6099 MCCLENNY, FL"
  },
  {
    "name": "WALMART DC 6858 MEBANE, NC"
  },
  {
    "name": "WALMART DC 7010 NEW CANEY, TX"
  },
  {
    "name": "WALMART DC 7012 WASHINGTON CH, OH"
  },
  {
    "name": "WALMART DC 7013 CASA GRANDE, AZ"
  },
  {
    "name": "WALMART DC 7014 LEWISTON, ME"
  },
  {
    "name": "WALMART DC 7015 OCHELATA, OK"
  },
  {
    "name": "WALMART DC 7016 GORDONSVILLE, VA"
  },
  {
    "name": "WALMART DC 7017 WINTERSVILLE, OH"
  },
  {
    "name": "WALMART DC 7019 BRUNDIDGE, AL"
  },
  {
    "name": "WALMART DC 7021 GRANDVIEW, WA"
  },
  {
    "name": "WALMART DC 7023 ARCADIA, FL"
  },
  {
    "name": "WALMART DC 7024 STERLING, IL"
  },
  {
    "name": "WALMART DC 7030 POTTSVILLE, PA"
  },
  {
    "name": "WALMART DC 7048 MCCARRAN, NV"
  },
  {
    "name": "WALMART DC 7055 GAS CITY, IN"
  },
  {
    "name": "WALMART DC 7077 CHEYENNE, WY"
  },
  {
    "name": "WALMART DC 7084 RIVERSIDE, CA"
  },
  {
    "name": "Walmart DC 7095 Colton CA"
  },
  {
    "name": "Walmart DC 8851 Cocoa ,FL"
  },
  {
    "name": "Walmart DC 8852"
  },
  {
    "name": "WALMART DC7079 MANKATO, MN"
  },
  {
    "name": "WALMART STORES DC 4867"
  },
  {
    "name": "WALMART STORES, INC"
  },
  {
    "name": "WALTER P. Rawl & Sons, Inc."
  },
  {
    "name": "WAYNE T. FELLOWS, INC."
  },
  {
    "name": "WBC IMPORTS LTD"
  },
  {
    "name": "West Lake Fresh"
  },
  {
    "name": "WESTERN BEEF SUPERMARKET"
  },
  {
    "name": "WESTLAKE PRODUCE COMPNAY"
  },
  {
    "name": "WFM CHESHIRE DISTRIBUTION CENTER"
  },
  {
    "name": "WFM DENVER"
  },
  {
    "name": "WFM MID ATLANTIC  DC"
  },
  {
    "name": "WFM MID WEST DISTRIBUTION"
  },
  {
    "name": "WFM PACIFIC NORTHWEST"
  },
  {
    "name": "WFM RICHMOND DISTRIBUTION CENTER"
  },
  {
    "name": "WHAT CHEFS WANTS!"
  },
  {
    "name": "WHOLE FOODS DISTRIBUTION NORTHERN CALIFO"
  },
  {
    "name": "Whole Foods distribution South West tx"
  },
  {
    "name": "WHOLE FOODS FLORIDA"
  },
  {
    "name": "WHOLE FOODS INC."
  },
  {
    "name": "Whole Foods Market Distribution Northern"
  },
  {
    "name": "WHOLE FOODS ROCKY MOUNTAIN REGION"
  },
  {
    "name": "WHOLE FOODS SOUTH DISTRIBUTION"
  },
  {
    "name": "WHOLE FOODS SOUTH WEST"
  },
  {
    "name": "WHOLE FOODS VERNON"
  },
  {
    "name": "WHOLESALE PRODUCE"
  },
  {
    "name": "WILLIE ITULE PRODUCE"
  },
  {
    "name": "WINCO  PHOENIX DISTRIBUTION CENTER"
  },
  {
    "name": "WINCO BOISE DISTRIBUTION CENTER"
  },
  {
    "name": "WINCO DENTON"
  },
  {
    "name": "WINCO FOOD, LLC"
  },
  {
    "name": "WINCO MODESTO DISTRIBUTION CENTER"
  },
  {
    "name": "WINCO WOODBURN DISTRIBUTION CENTER"
  },
  {
    "name": "WINN DIXIE  (ORLANDO)"
  },
  {
    "name": "WINN DIXIE (JACKSONVILLE)"
  },
  {
    "name": "WINN DIXIE (MIAMI)"
  },
  {
    "name": "WINN DIXIE (MONTGOMERY)"
  },
  {
    "name": "WINN DIXIE (PLANT CITY)"
  },
  {
    "name": "WNC Freight"
  },
  {
    "name": "WORLDWIDE PRODUCE"
  },
  {
    "name": "WWD Fruits LLC d/b/a BFruits"
  },

  {
    "name": "WEGMANS FOOD MARKET VIRGINIA"
  },

  {
    "name": "WEGMANS FOOD MARKET HOME OFFICE"
  },

  {
    "name": "WEGMANS FOOD MARKET POTTSVILLE"
  }
  
]










