{
  "COSTCO MONCTON": "COSTCO CANADA",
  "WHOLE FOODS FLORIDA": "WHOLEFOODS",
  "SPROUTS ORLANDO": "SPROUTS",
  "SAFEWAY ANCHORAGE": "SAFEWAY",
  "MEIJER NEWPORT": "MEIJER",
  "LIDL PERRYVILLE": "LIDL",
  "GIANT EAGLE PITTSBURGH": "GIANT EAGLE",
  "ALDI FARIBAULT": "ALDI",
  "STOP & SHOP FREETOWN": "AHOLD",
  "WEGMANS FOOD MARKET VIRGINIA": "WEGMANS",
  "572 - VAUGHAN DEPOT": "COSTCO CANADA",
  "ALBERTSONS LLC TOLLESON PRODUCE": "SAFEWAY",
  "ALDI BATAVIA": "ALDI BATAVIA",
  "ALDI CENTER VALLEY": "ALDI",
  "ALDI DENTON": "ALDI",
  "ALDI DWIGHT DIVISION": "ALDI",
  "AUBURN PRODUCE": "SAFEWAY",
  "COSTCO (SUMNER, WA)": "COSTCO",
  "COSTCO AIRDRIE": "COSTCO CANADA",
  "COSTCO AURORA": "COSTCO",
  "COSTCO CANADA LAGLEY": "COSTCO CANADA",
  "COSTCO COLLEGE PARK": "COSTCO",
  "COSTCO DALLAS DEPOT - WET": "COSTCO",
  "COSTCO FREDERICTON": "COSTCO CANADA",
  "COSTCO SAINT JOHN": "COSTCO CANADA",
  "COSTCO WEST PALM BEACH": "COSTCO",
  "COSTCO VARENNES": "COSTCO CANADA",
  "COSTCO WHOLE SALE (CANADA)": "COSTCO CANADA",
  "GIANT EAGLE (CRAFTON WHSE)": "GIANT EAGLE",
  "GIANT EAGLE (RISER WHSE)": "GIANT EAGLE",
  "GIANT EAGLE BILLING": "GIANT EAGLE",
  "LIDL US FREDERICKSBURG DC": "LIDL",
  "LIDL US GRAHAM DC": "LIDL",
  "LOBLAW - ST JOHN DIVISION": "HYVEE",
  "LOBLAW AJAX": "HYVEE",
  "LOBLAW BOUCHERVILLE": "HYVEE",
  "LOBLAW CALENDONIA": "HYVEE",
  "LOBLAW CAMBRIDGE / MAPLEGROVE": "HYVEE",
  "MEIJER (LANSING, MI)": "MEIJER",
  "MEIJER (PLEASANT PRAIRIE) DC - 872": "MEIJER",
  "MEIJER INC. (TIPP CITY)": "MEIJER",
  "PUBLIX ATLANTA": "PUBLIX",
  "PUBLIX DEERFIELD": "PUBLIX",
  "PUBLIX GREENSBORO": "PUBLIX",
  "PUBLIX JACKSONVILLE": "PUBLIX",
  "PUBLIX ORLANDO": "PUBLIX",
  "PUBLIX LAKELAND": "PUBLIX LAKELAND",
  "SAFEWAY STORES (DENVER)": "SAFEWAY",
  "SOBEYS - WHITBY": "SOBEY",
  "SOBEYS CALGARY REFRIGERATED WHSE": "SOBEY",
  "SOBEYS CAMBELL": "SOBEY",
  "SOBEYS DEBERT": "SOBEY",
  "SOBEYS DIVISION DE BOUCHERVILLE": "SOBEY",
  "SPROUTS - DALLAS": "SPROUTS",
  "SPROUTS - FULLERTON": "SPROUTS",
  "SPROUTS AURORA": "SPROUTS",
  "SPROUTS UNION CITY": "SPROUTS",
  "STOP & SHOP CHESTER": "AHOLD",
  "TRACY PRODUCE": "SAFEWAY",
  "WEGMANS FOOD MARKET HOME OFFICE": "WEGMANS",
  "WEGMANS FOOD MARKET POTTSVILLE": "WEGMANS",
  "WHOLE FOODS SOUTH DISTRIBUTION": "WHOLEFOODS",
  "WHOLE FOODS SOUTH WEST": "WHOLEFOODS",
  "WHOLE FOODS VERNON": "WHOLEFOODS",
  "SAFEWAY EASTERN": "SAFEWAY",
  "SAFEWAY NORCAL": "SAFEWAY",
  "SAFEWAY PHOENIX": "SAFEWAY",
  "SAFEWAY PORTLAND": "SAFEWAY",
  "SAFEWAY SEATTLE": "SAFEWAY",
  "SAFEWAY SOUTHWEST": "SAFEWAY",
  "SAFEWAY VONS": "SAFEWAY",
  "SAFEWAY NORTHERN CA": "SAFEWAY",
  "SPOKANE PRODUCE": "SAFEWAY",
  "SAFEWAY SPOKANE": "SAFEWAY",
  "Safeway Anchorage": "SAFEWAY",
  "HEB - TEMPLE": "HEB",
  "HEB HOMEOFFICE": "HEB",
  "HEB HOUSTON": "HEB",
  "HEB SAN ANTONIO": "HEB"
}
